DATA,MODEL,ACABAT,PREU
06/11/2020,Nuevo Ignis 1.2L Mild Hybrid,GLE,14575 €
06/11/2020,Nuevo Ignis 1.2L Mild Hybrid,GLX,16020 €
06/11/2020,Nuevo Ignis 1.2L Mild Hybrid CVT,GLX,17220 €
06/11/2020,Nuevo Ignis 1.2L 4x4 Mild Hybrid,GLE,16075 €
06/11/2020,Nuevo Ignis 1.2L 4x4 Mild Hybrid,GLX,17520 €
06/11/2020,Nuevo Swift 1.2L Mild Hybrid,GLE,15270 €
06/11/2020,Nuevo Swift 1.2L Mild Hybrid AUT.,GLE,16670 €
06/11/2020,Nuevo Swift 1.2L 4x4 Mild Hybrid,GLE,16770 €
06/11/2020,Nuevo Swift 1.2L Mild Hybrid,GLX,16270 €
06/11/2020,Nuevo Swift 1.2L Mild Hybrid AUT.,GLX,17670 €
06/11/2020,Swift 1.2L,GLE,13670 €
06/11/2020,Swift 1.2L Mild Hybrid,GLE,14470 €
06/11/2020,Swift 1.2L Automático,GLE,15070 €
06/11/2020,Swift 1.2L Mild Hybrid,GLX,16170 €
06/11/2020,Swift 1.2L 4x4 Mild Hybrid,GLE,15970 €
06/11/2020,Nuevo Swift Sport 1.4L Mild Hybrid,SPORT,21680 €
06/11/2020,Nuevo Vitara 1.4T Mild Hybrid,GLE,23940 €
06/11/2020,Nuevo Vitara 1.4T 4x4 Mild Hybrid,GLE,25740 €
06/11/2020,Nuevo Vitara 1.4T Mild Hybrid,GLX,26190 €
06/11/2020,Nuevo Vitara 1.4T 4x4 Mild Hybrid,GLX,27990 €
06/11/2020,Vitara 1.4L,GLE,20640 €
06/11/2020,Vitara 1.4L,GLX,22890 €
06/11/2020,Vitara 1.4L 4x4,GLX,24690 €
06/11/2020,Vitara 1.4L Automático,GLX,25490 €
06/11/2020,Vitara 1.4L 4x4 Automático,GLX,27290 €
06/11/2020,S-Cross 1.4L,GLE,20595 €
06/11/2020,S-Cross 1.4L,GLX,24120 €
06/11/2020,S-Cross 1.4T Mild hybrid,GLE,22670 €
06/11/2020,S-Cross 1.4L 4x4,GLX,24945 €
06/11/2020,S-Cross 1.4T Mild hybrid,GLX,25220 €
06/11/2020,S-Cross 1.4L Automático,GLX,25145 €
06/11/2020,S-Cross 1.4L 4x4 Mild Hybrid,GLX,27015 €
06/11/2020,S-Cross 1.4L 4x4 Automático,GLX,26945 €
06/11/2020,Across 2.5L 4x4 Plug-in Hybrid,GLX,53700 €
06/11/2020,Swace 1.8L Hybrid,GLX,Próximamente
06/11/2020,Swace 1.8L Hybrid,GLE,Próximamente
